<?xml version="1.0" encoding="UTF-8"?>
<ct>
	<item name="GeneralOptions.browser-title">
		<lang name="en" value="Browser Title on the Home Page"/>
		<lang name="de" value="Browser Titel auf der Start Seite"/>
	</item>
	<item name="ContactOptions.browser-title">
		<lang name="en" value="Browser Title on the Contact Page"/>
		<lang name="de" value="Browser Titel auf der Kontakt Seite"/>
	</item>
    <item name="txt">
		<lang name="en" value="Text"/>
		<lang name="de" value="Text"/>
	</item>
	 <item name="link">
		<lang name="en" value="Link"/>
		<lang name="de" value="Link"/>
	</item>
	 <item name="label">
		<lang name="en" value="Label"/>
		<lang name="de" value="Label"/>
	</item>
	 <item name="style">
		<lang name="en" value="Style"/>
		<lang name="de" value="Style"/>
	</item>
	 <item name="value">
		<lang name="en" value="Content"/>
		<lang name="de" value="Inhalt"/>
	</item>
	<item name="app.contemple.demo.Text">
		<lang name="en" value="Text"/>
		<lang name="de" value="Text"/>
	</item>
	<item name="app.contemple.demo.Menu-Item">
		<lang name="en" value="Menu Item"/>
		<lang name="de" value="Menü Eintrag"/>
	</item>
	<item name="Background Images">
		<lang name="en" value="Background Images"/>
		<lang name="de" value="Hintergrund Bilder"/>
	</item>
	<item name="Settings">
		<lang name="en" value="Settings"/>
		<lang name="de" value="Einstellungen"/>
	</item>
	<item name="GeneralOptions">
		<lang name="en" value="General Options"/>
		<lang name="de" value="Allgemeine Einstellungen"/>
	</item>
	<item name="ContactOptions">
		<lang name="en" value="Contact Settings"/>
		<lang name="de" value="Kontakt Einstellungen"/>
	</item>
	<item name="BackgroundLogo">
		<lang name="en" value="Background Logo"/>
		<lang name="de" value="Hintergrund Logo"/>
	</item>
	<item name="MenuFolder">
		<lang name="en" value="Menu"/>
		<lang name="de" value="Menü"/>
	</item>
	<item name="font-dark-color">
		<lang name="en" value="Dark Font Color"/>
		<lang name="de" value="Dunkle Schrift Farbe"/>
	</item>
	<item name="font-light-color">
		<lang name="en" value="Light Font Color"/>
		<lang name="de" value="Helle Scrift Farbe"/>
	</item>
	<item name="menu-background-color">
		<lang name="en" value="Menu Background Color"/>
		<lang name="de" value="Menü Hintergrund Farbe"/>
	</item>
	<item name="menu-font-color">
		<lang name="en" value="Menu Font Color"/>
		<lang name="de" value="Menü Schrift Farbe"/>
	</item>
	<item name="menu-font-size">
		<lang name="en" value="Menu Font Size"/>
		<lang name="de" value="Menü Schrift Größe"/>
	</item>
	<item name="Fonts">
		<lang name="en" value="Fonts"/>
		<lang name="de" value="Schrift"/>
	</item>
	<item name="Colors">
		<lang name="en" value="Colors"/>
		<lang name="de" value="Farben"/>
	</item>
	<item name="Background Color">
		<lang name="en" value="Background Color"/>
		<lang name="de" value="Hintergrund Farbe"/>
	</item>
	<item name="Background Image">
		<lang name="en" value="Background Image"/>
		<lang name="de" value="Hintergrund Bild"/>
	</item>
	<item name="Overlay Image">
		<lang name="en" value="Logo Overlay"/>
		<lang name="de" value="Logo Overlay"/>
	</item>
	<item name="browser-title">
		<lang name="en" value="Browser Title"/>
		<lang name="de" value="Browser Titel"/>
	</item>
	<item name="logo-image">
		<lang name="en" value="Logo Image"/>
		<lang name="de" value="Logo Bild"/>
	</item>
	<item name="logo-overlay">
		<lang name="en" value="Logo Overlay"/>
		<lang name="de" value="Logo Overlay"/>
	</item>
	<item name="logo-top">
		<lang name="en" value="Logo Top Position (in Percent)"/>
		<lang name="de" value="Logo Position Oben (in Prozent)"/>
	</item>
	<item name="logo-zoom">
		<lang name="en" value="Logo Zoom"/>
		<lang name="de" value="Logo Zoom"/>
	</item>
	<item name="logo-opacity">
		<lang name="en" value="Logo Alpha Transparency"/>
		<lang name="de" value="Logo Alpha Transparenz"/>
	</item>
	<item name="background-color">
		<lang name="en" value="Background Color"/>
		<lang name="de" value="Hintergrund Farbe"/>
	</item>
	<item name="background-image">
		<lang name="en" value="Background Image"/>
		<lang name="de" value="Hintergrund Bild"/>
	</item>
	<item name="font-color">
		<lang name="en" value="Font Color"/>
		<lang name="de" value="Schrift Farbe"/>
	</item>
	<item name="test-num">
		<lang name="en" value="Test Number"/>
		<lang name="de" value="Test Zahl"/>
	</item>
	<item name="Test Number">
		<lang name="en" value="Test Number"/>
		<lang name="de" value="Test Zahl"/>
	</item>
</ct>